Order_Date,year,month,day_of_week,is_weekend,quarter,day_index,month_sin,month_cos,day_of_week_sin,day_of_week_cos,total_sales,order_count,average_order_value,is_gap_day,gap_filled_sales
2026-01-01,2026,1,3,False,1,0,0.49999999999999994,0.8660254037844387,0.43388373911755823,-0.900968867902419,257973.0,427,604.1522248243559,False,257973.0
2026-01-02,2026,1,4,False,1,1,0.49999999999999994,0.8660254037844387,-0.433883739117558,-0.9009688679024191,262911.76,439,598.8878359908884,False,262911.76
2026-01-03,2026,1,5,True,1,2,0.49999999999999994,0.8660254037844387,-0.9749279121818236,-0.2225209339563146,233213.07,428,544.8903504672897,False,233213.07
2026-01-04,2026,1,6,True,1,3,0.49999999999999994,0.8660254037844387,-0.7818314824680299,0.6234898018587334,239778.64,433,553.7612933025405,False,239778.64
2026-01-05,2026,1,0,False,1,4,0.49999999999999994,0.8660254037844387,0.0,1.0,221374.36000000002,423,523.3436406619386,False,221374.36000000002
2026-01-06,2026,1,1,False,1,5,0.49999999999999994,0.8660254037844387,0.7818314824680298,0.6234898018587336,191929.13999999998,415,462.4798554216867,False,191929.13999999998
2026-01-07,2026,1,2,False,1,6,0.49999999999999994,0.8660254037844387,0.9749279121818236,-0.22252093395631434,219179.23,427,513.3003044496487,False,219179.23
2026-01-08,2026,1,3,False,1,7,0.49999999999999994,0.8660254037844387,0.43388373911755823,-0.900968867902419,243333.5,453,537.1600441501104,False,243333.5
2026-01-09,2026,1,4,False,1,8,0.49999999999999994,0.8660254037844387,-0.433883739117558,-0.9009688679024191,203585.08,405,502.67920987654315,False,203585.08
2026-01-10,2026,1,5,True,1,9,0.49999999999999994,0.8660254037844387,-0.9749279121818236,-0.2225209339563146,250476.26,453,552.9277262693157,False,250476.26
2026-01-11,2026,1,6,True,1,10,0.49999999999999994,0.8660254037844387,-0.7818314824680299,0.6234898018587334,272832.56,461,591.8276789587852,False,272832.56
2026-01-12,2026,1,0,False,1,11,0.49999999999999994,0.8660254037844387,0.0,1.0,206895.13999999998,402,514.664527363184,False,206895.13999999998
2026-01-13,2026,1,1,False,1,12,0.49999999999999994,0.8660254037844387,0.7818314824680298,0.6234898018587336,206124.69,436,472.7630504587156,False,206124.69
2026-01-14,2026,1,2,False,1,13,0.49999999999999994,0.8660254037844387,0.9749279121818236,-0.22252093395631434,221421.83,426,519.7695539906103,False,221421.83
2026-01-15,2026,1,3,False,1,14,0.49999999999999994,0.8660254037844387,0.43388373911755823,-0.900968867902419,219882.77,430,511.3552790697674,False,219882.77
2026-01-16,2026,1,4,False,1,15,0.49999999999999994,0.8660254037844387,-0.433883739117558,-0.9009688679024191,212353.77,430,493.84597674418603,False,212353.77
2026-01-17,2026,1,5,True,1,16,0.49999999999999994,0.8660254037844387,-0.9749279121818236,-0.2225209339563146,234100.78,440,532.0472272727272,False,234100.78
2026-01-18,2026,1,6,True,1,17,0.49999999999999994,0.8660254037844387,-0.7818314824680299,0.6234898018587334,237758.66,433,549.0962124711316,False,237758.66
2026-01-19,2026,1,0,False,1,18,0.49999999999999994,0.8660254037844387,0.0,1.0,239477.38,452,529.8172123893805,False,239477.38
2026-01-20,2026,1,1,False,1,19,0.49999999999999994,0.8660254037844387,0.7818314824680298,0.6234898018587336,218797.2,415,527.2221686746989,False,218797.2
2026-01-21,2026,1,2,False,1,20,0.49999999999999994,0.8660254037844387,0.9749279121818236,-0.22252093395631434,230651.85,430,536.3996511627907,False,230651.85
2026-01-22,2026,1,3,False,1,21,0.49999999999999994,0.8660254037844387,0.43388373911755823,-0.900968867902419,203886.24,417,488.93582733812946,False,203886.24
2026-01-23,2026,1,4,False,1,22,0.49999999999999994,0.8660254037844387,-0.433883739117558,-0.9009688679024191,224022.08,417,537.2232134292566,False,224022.08
2026-01-24,2026,1,5,True,1,23,0.49999999999999994,0.8660254037844387,-0.9749279121818236,-0.2225209339563146,235632.55,438,537.9738584474885,False,235632.55
2026-01-25,2026,1,6,True,1,24,0.49999999999999994,0.8660254037844387,-0.7818314824680299,0.6234898018587334,220346.89,385,572.3295844155845,False,220346.89
2026-01-26,2026,1,0,False,1,25,0.49999999999999994,0.8660254037844387,0.0,1.0,232957.5,477,488.3805031446541,False,232957.5
2026-01-27,2026,1,1,False,1,26,0.49999999999999994,0.8660254037844387,0.7818314824680298,0.6234898018587336,275121.7,460,598.0906521739131,False,275121.7
2026-01-28,2026,1,2,False,1,27,0.49999999999999994,0.8660254037844387,0.9749279121818236,-0.22252093395631434,210749.43,423,498.22560283687943,False,210749.43
2026-01-29,2026,1,3,False,1,28,0.49999999999999994,0.8660254037844387,0.43388373911755823,-0.900968867902419,0.0,0,0.0,True,218333.0125
2026-01-30,2026,1,4,False,1,29,0.49999999999999994,0.8660254037844387,-0.433883739117558,-0.9009688679024191,0.0,0,0.0,True,225916.595
2026-01-31,2026,1,5,True,1,30,0.49999999999999994,0.8660254037844387,-0.9749279121818236,-0.2225209339563146,0.0,0,0.0,True,233500.1775
2026-02-01,2026,2,6,True,1,31,0.8660254037844386,0.5000000000000001,-0.7818314824680299,0.6234898018587334,241083.76,442,545.438371040724,False,241083.76
2026-02-02,2026,2,0,False,1,32,0.8660254037844386,0.5000000000000001,0.0,1.0,216446.41,435,497.57795402298854,False,216446.41
2026-02-03,2026,2,1,False,1,33,0.8660254037844386,0.5000000000000001,0.7818314824680298,0.6234898018587336,235449.86000000002,417,564.6279616306955,False,235449.86000000002
2026-02-04,2026,2,2,False,1,34,0.8660254037844386,0.5000000000000001,0.9749279121818236,-0.22252093395631434,237380.33,436,544.4502981651376,False,237380.33
2026-02-05,2026,2,3,False,1,35,0.8660254037844386,0.5000000000000001,0.43388373911755823,-0.900968867902419,228245.78,420,543.4423333333333,False,228245.78
2026-02-06,2026,2,4,False,1,36,0.8660254037844386,0.5000000000000001,-0.433883739117558,-0.9009688679024191,221705.54,433,512.0220323325635,False,221705.54
2026-02-07,2026,2,5,True,1,37,0.8660254037844386,0.5000000000000001,-0.9749279121818236,-0.2225209339563146,227752.98,464,490.84693965517243,False,227752.98
2026-02-08,2026,2,6,True,1,38,0.8660254037844386,0.5000000000000001,-0.7818314824680299,0.6234898018587334,224424.06,441,508.8980952380952,False,224424.06
2026-02-09,2026,2,0,False,1,39,0.8660254037844386,0.5000000000000001,0.0,1.0,204334.23,424,481.9203537735849,False,204334.23
2026-02-10,2026,2,1,False,1,40,0.8660254037844386,0.5000000000000001,0.7818314824680298,0.6234898018587336,207271.87,407,509.26749385749383,False,207271.87
2026-02-11,2026,2,2,False,1,41,0.8660254037844386,0.5000000000000001,0.9749279121818236,-0.22252093395631434,194224.25,403,481.94602977667495,False,194224.25
2026-02-12,2026,2,3,False,1,42,0.8660254037844386,0.5000000000000001,0.43388373911755823,-0.900968867902419,254398.19,412,617.4713349514564,False,254398.19
2026-02-13,2026,2,4,False,1,43,0.8660254037844386,0.5000000000000001,-0.433883739117558,-0.9009688679024191,210147.98,404,520.1682673267327,False,210147.98
2026-02-14,2026,2,5,True,1,44,0.8660254037844386,0.5000000000000001,-0.9749279121818236,-0.2225209339563146,226925.61,431,526.509535962877,False,226925.61
2026-02-15,2026,2,6,True,1,45,0.8660254037844386,0.5000000000000001,-0.7818314824680299,0.6234898018587334,177983.87,414,429.912729468599,False,177983.87
2026-02-16,2026,2,0,False,1,46,0.8660254037844386,0.5000000000000001,0.0,1.0,208439.16,412,505.92029126213595,False,208439.16
2026-02-17,2026,2,1,False,1,47,0.8660254037844386,0.5000000000000001,0.7818314824680298,0.6234898018587336,213429.2,410,520.559024390244,False,213429.2
2026-02-18,2026,2,2,False,1,48,0.8660254037844386,0.5000000000000001,0.9749279121818236,-0.22252093395631434,212035.62,408,519.6951470588235,False,212035.62
2026-02-19,2026,2,3,False,1,49,0.8660254037844386,0.5000000000000001,0.43388373911755823,-0.900968867902419,232261.4,416,558.3206730769231,False,232261.4
2026-02-20,2026,2,4,False,1,50,0.8660254037844386,0.5000000000000001,-0.433883739117558,-0.9009688679024191,223754.85,432,517.9510416666667,False,223754.85
2026-02-21,2026,2,5,True,1,51,0.8660254037844386,0.5000000000000001,-0.9749279121818236,-0.2225209339563146,257170.78,434,592.559400921659,False,257170.78
2026-02-22,2026,2,6,True,1,52,0.8660254037844386,0.5000000000000001,-0.7818314824680299,0.6234898018587334,234421.93,411,570.3696593673966,False,234421.93
2026-02-23,2026,2,0,False,1,53,0.8660254037844386,0.5000000000000001,0.0,1.0,254992.54,489,521.457137014315,False,254992.54
2026-02-24,2026,2,1,False,1,54,0.8660254037844386,0.5000000000000001,0.7818314824680298,0.6234898018587336,224130.93,428,523.6703971962617,False,224130.93
2026-02-25,2026,2,2,False,1,55,0.8660254037844386,0.5000000000000001,0.9749279121818236,-0.22252093395631434,197380.92,423,466.621560283688,False,197380.92
2026-02-26,2026,2,3,False,1,56,0.8660254037844386,0.5000000000000001,0.43388373911755823,-0.900968867902419,232416.79,434,535.5225576036867,False,232416.79
2026-02-27,2026,2,4,False,1,57,0.8660254037844386,0.5000000000000001,-0.433883739117558,-0.9009688679024191,250239.88999999998,460,543.9997608695652,False,250239.88999999998
2026-02-28,2026,2,5,True,1,58,0.8660254037844386,0.5000000000000001,-0.9749279121818236,-0.2225209339563146,212873.26,422,504.4390047393365,False,212873.26
2026-03-01,2026,3,6,True,1,59,1.0,6.123233995736766e-17,-0.7818314824680299,0.6234898018587334,259506.19,469,553.3181023454158,False,259506.19
2026-03-02,2026,3,0,False,1,60,1.0,6.123233995736766e-17,0.0,1.0,267707.16,512,522.865546875,False,267707.16
2026-03-03,2026,3,1,False,1,61,1.0,6.123233995736766e-17,0.7818314824680298,0.6234898018587336,226102.74,488,463.3252868852459,False,226102.74
2026-03-04,2026,3,2,False,1,62,1.0,6.123233995736766e-17,0.9749279121818236,-0.22252093395631434,250601.83,494,507.2911538461538,False,250601.83
2026-03-05,2026,3,3,False,1,63,1.0,6.123233995736766e-17,0.43388373911755823,-0.900968867902419,230113.51,462,498.0811904761905,False,230113.51
2026-03-06,2026,3,4,False,1,64,1.0,6.123233995736766e-17,-0.433883739117558,-0.9009688679024191,245245.58,510,480.8736862745098,False,245245.58
2026-03-07,2026,3,5,True,1,65,1.0,6.123233995736766e-17,-0.9749279121818236,-0.2225209339563146,267956.04,517,518.2902127659574,False,267956.04
2026-03-08,2026,3,6,True,1,66,1.0,6.123233995736766e-17,-0.7818314824680299,0.6234898018587334,279660.38,515,543.0298640776699,False,279660.38
2026-03-09,2026,3,0,False,1,67,1.0,6.123233995736766e-17,0.0,1.0,252047.63,483,521.8377432712216,False,252047.63
2026-03-10,2026,3,1,False,1,68,1.0,6.123233995736766e-17,0.7818314824680298,0.6234898018587336,221166.37,476,464.635231092437,False,221166.37
2026-03-11,2026,3,2,False,1,69,1.0,6.123233995736766e-17,0.9749279121818236,-0.22252093395631434,292937.07,517,566.6094197292069,False,292937.07
2026-03-12,2026,3,3,False,1,70,1.0,6.123233995736766e-17,0.43388373911755823,-0.900968867902419,255057.28,474,538.0955274261603,False,255057.28
2026-03-13,2026,3,4,False,1,71,1.0,6.123233995736766e-17,-0.433883739117558,-0.9009688679024191,233453.09,480,486.36060416666663,False,233453.09
2026-03-14,2026,3,5,True,1,72,1.0,6.123233995736766e-17,-0.9749279121818236,-0.2225209339563146,275756.66,515,535.4498252427184,False,275756.66
2026-03-15,2026,3,6,True,1,73,1.0,6.123233995736766e-17,-0.7818314824680299,0.6234898018587334,289163.58,473,611.3394926004229,False,289163.58
2026-03-16,2026,3,0,False,1,74,1.0,6.123233995736766e-17,0.0,1.0,268633.55,536,501.1819962686567,False,268633.55
2026-03-17,2026,3,1,False,1,75,1.0,6.123233995736766e-17,0.7818314824680298,0.6234898018587336,248715.77,481,517.0806029106029,False,248715.77
2026-03-18,2026,3,2,False,1,76,1.0,6.123233995736766e-17,0.9749279121818236,-0.22252093395631434,242474.3,489,495.8574642126789,False,242474.3
2026-03-19,2026,3,3,False,1,77,1.0,6.123233995736766e-17,0.43388373911755823,-0.900968867902419,240006.28,509,471.5251080550098,False,240006.28
2026-03-20,2026,3,4,False,1,78,1.0,6.123233995736766e-17,-0.433883739117558,-0.9009688679024191,332323.96,540,615.4147407407407,False,332323.96
2026-03-21,2026,3,5,True,1,79,1.0,6.123233995736766e-17,-0.9749279121818236,-0.2225209339563146,244148.92,459,531.9148583877995,False,244148.92
2026-03-22,2026,3,6,True,1,80,1.0,6.123233995736766e-17,-0.7818314824680299,0.6234898018587334,323404.97000000003,520,621.9326346153847,False,323404.97000000003
2026-03-23,2026,3,0,False,1,81,1.0,6.123233995736766e-17,0.0,1.0,279679.48,515,543.0669514563107,False,279679.48
2026-03-24,2026,3,1,False,1,82,1.0,6.123233995736766e-17,0.7818314824680298,0.6234898018587336,285278.77,506,563.7920355731226,False,285278.77
2026-03-25,2026,3,2,False,1,83,1.0,6.123233995736766e-17,0.9749279121818236,-0.22252093395631434,255047.35,484,526.9573347107438,False,255047.35
2026-03-26,2026,3,3,False,1,84,1.0,6.123233995736766e-17,0.43388373911755823,-0.900968867902419,322855.49,520,620.8759423076923,False,322855.49
2026-03-27,2026,3,4,False,1,85,1.0,6.123233995736766e-17,-0.433883739117558,-0.9009688679024191,233961.38999999998,496,471.69635080645156,False,233961.38999999998
2026-03-28,2026,3,5,True,1,86,1.0,6.123233995736766e-17,-0.9749279121818236,-0.2225209339563146,288052.7,519,555.0148362235068,False,288052.7
2026-03-29,2026,3,6,True,1,87,1.0,6.123233995736766e-17,-0.7818314824680299,0.6234898018587334,0.0,0,0.0,True,280327.295
2026-03-30,2026,3,0,False,1,88,1.0,6.123233995736766e-17,0.0,1.0,0.0,0,0.0,True,272601.89
2026-03-31,2026,3,1,False,1,89,1.0,6.123233995736766e-17,0.7818314824680298,0.6234898018587336,0.0,0,0.0,True,264876.485
2026-04-01,2026,4,2,False,2,90,0.8660254037844387,-0.4999999999999998,0.9749279121818236,-0.22252093395631434,257151.08,519,495.4741425818882,False,257151.08
2026-04-02,2026,4,3,False,2,91,0.8660254037844387,-0.4999999999999998,0.43388373911755823,-0.900968867902419,262212.62,458,572.5166375545851,False,262212.62
2026-04-03,2026,4,4,False,2,92,0.8660254037844387,-0.4999999999999998,-0.433883739117558,-0.9009688679024191,298923.81,513,582.697485380117,False,298923.81
2026-04-04,2026,4,5,True,2,93,0.8660254037844387,-0.4999999999999998,-0.9749279121818236,-0.2225209339563146,258665.61000000002,475,544.5591789473684,False,258665.61000000002
2026-04-05,2026,4,6,True,2,94,0.8660254037844387,-0.4999999999999998,-0.7818314824680299,0.6234898018587334,264128.85,498,530.3792168674698,False,264128.85
2026-04-06,2026,4,0,False,2,95,0.8660254037844387,-0.4999999999999998,0.0,1.0,306662.34,478,641.5530125523013,False,306662.34
2026-04-07,2026,4,1,False,2,96,0.8660254037844387,-0.4999999999999998,0.7818314824680298,0.6234898018587336,223538.95,494,452.507995951417,False,223538.95
2026-04-08,2026,4,2,False,2,97,0.8660254037844387,-0.4999999999999998,0.9749279121818236,-0.22252093395631434,272993.01,499,547.0801803607214,False,272993.01
2026-04-09,2026,4,3,False,2,98,0.8660254037844387,-0.4999999999999998,0.43388373911755823,-0.900968867902419,288903.14,478,604.3998744769875,False,288903.14
2026-04-10,2026,4,4,False,2,99,0.8660254037844387,-0.4999999999999998,-0.433883739117558,-0.9009688679024191,273140.86,511,534.5222309197651,False,273140.86
2026-04-11,2026,4,5,True,2,100,0.8660254037844387,-0.4999999999999998,-0.9749279121818236,-0.2225209339563146,251424.01,479,524.8935490605428,False,251424.01
2026-04-12,2026,4,6,True,2,101,0.8660254037844387,-0.4999999999999998,-0.7818314824680299,0.6234898018587334,314839.62,536,587.3873507462687,False,314839.62
2026-04-13,2026,4,0,False,2,102,0.8660254037844387,-0.4999999999999998,0.0,1.0,262832.43,484,543.0422107438017,False,262832.43
2026-04-14,2026,4,1,False,2,103,0.8660254037844387,-0.4999999999999998,0.7818314824680298,0.6234898018587336,280411.84,489,573.439345603272,False,280411.84
2026-04-15,2026,4,2,False,2,104,0.8660254037844387,-0.4999999999999998,0.9749279121818236,-0.22252093395631434,264630.51,489,541.1666871165644,False,264630.51
2026-04-16,2026,4,3,False,2,105,0.8660254037844387,-0.4999999999999998,0.43388373911755823,-0.900968867902419,287883.41,516,557.9135852713177,False,287883.41
2026-04-17,2026,4,4,False,2,106,0.8660254037844387,-0.4999999999999998,-0.433883739117558,-0.9009688679024191,218782.49,448,488.35377232142855,False,218782.49
2026-04-18,2026,4,5,True,2,107,0.8660254037844387,-0.4999999999999998,-0.9749279121818236,-0.2225209339563146,278054.21,477,582.9228721174005,False,278054.21
2026-04-19,2026,4,6,True,2,108,0.8660254037844387,-0.4999999999999998,-0.7818314824680299,0.6234898018587334,278995.89,502,555.7687051792828,False,278995.89
2026-04-20,2026,4,0,False,2,109,0.8660254037844387,-0.4999999999999998,0.0,1.0,237198.63,500,474.39726,False,237198.63
2026-04-21,2026,4,1,False,2,110,0.8660254037844387,-0.4999999999999998,0.7818314824680298,0.6234898018587336,294469.04,507,580.8067850098619,False,294469.04
2026-04-22,2026,4,2,False,2,111,0.8660254037844387,-0.4999999999999998,0.9749279121818236,-0.22252093395631434,240955.66,523,460.71827915869983,False,240955.66
2026-04-23,2026,4,3,False,2,112,0.8660254037844387,-0.4999999999999998,0.43388373911755823,-0.900968867902419,262380.71,497,527.9289939637828,False,262380.71
2026-04-24,2026,4,4,False,2,113,0.8660254037844387,-0.4999999999999998,-0.433883739117558,-0.9009688679024191,268333.14,505,531.3527524752476,False,268333.14
2026-04-25,2026,4,5,True,2,114,0.8660254037844387,-0.4999999999999998,-0.9749279121818236,-0.2225209339563146,273613.44,486,562.9906172839507,False,273613.44
2026-04-26,2026,4,6,True,2,115,0.8660254037844387,-0.4999999999999998,-0.7818314824680299,0.6234898018587334,272692.63,537,507.8075046554935,False,272692.63
2026-04-27,2026,4,0,False,2,116,0.8660254037844387,-0.4999999999999998,0.0,1.0,294095.41,502,585.8474302788844,False,294095.41
2026-04-28,2026,4,1,False,2,117,0.8660254037844387,-0.4999999999999998,0.7818314824680298,0.6234898018587336,268964.25,490,548.9066326530613,False,268964.25
2026-04-29,2026,4,2,False,2,118,0.8660254037844387,-0.4999999999999998,0.9749279121818236,-0.22252093395631434,0.0,0,0.0,True,274743.6533333333
2026-04-30,2026,4,3,False,2,119,0.8660254037844387,-0.4999999999999998,0.43388373911755823,-0.900968867902419,0.0,0,0.0,True,280523.0566666667
2026-05-01,2026,5,4,False,2,120,0.49999999999999994,-0.8660254037844387,-0.433883739117558,-0.9009688679024191,286302.46,566,505.8347349823322,False,286302.46
2026-05-02,2026,5,5,True,2,121,0.49999999999999994,-0.8660254037844387,-0.9749279121818236,-0.2225209339563146,306782.01,589,520.8523089983022,False,306782.01
2026-05-03,2026,5,6,True,2,122,0.49999999999999994,-0.8660254037844387,-0.7818314824680299,0.6234898018587334,243723.35,523,466.0102294455067,False,243723.35
2026-05-04,2026,5,0,False,2,123,0.49999999999999994,-0.8660254037844387,0.0,1.0,296945.55,604,491.63170529801323,False,296945.55
2026-05-05,2026,5,1,False,2,124,0.49999999999999994,-0.8660254037844387,0.7818314824680298,0.6234898018587336,276599.09,567,487.8290828924163,False,276599.09
2026-05-06,2026,5,2,False,2,125,0.49999999999999994,-0.8660254037844387,0.9749279121818236,-0.22252093395631434,304160.46,577,527.1411785095321,False,304160.46
2026-05-07,2026,5,3,False,2,126,0.49999999999999994,-0.8660254037844387,0.43388373911755823,-0.900968867902419,305878.97,583,524.6637564322469,False,305878.97
2026-05-08,2026,5,4,False,2,127,0.49999999999999994,-0.8660254037844387,-0.433883739117558,-0.9009688679024191,295617.17,565,523.2162300884955,False,295617.17
2026-05-09,2026,5,5,True,2,128,0.49999999999999994,-0.8660254037844387,-0.9749279121818236,-0.2225209339563146,296702.01,563,527.0017939609237,False,296702.01
2026-05-10,2026,5,6,True,2,129,0.49999999999999994,-0.8660254037844387,-0.7818314824680299,0.6234898018587334,290848.17,571,509.36632224168125,False,290848.17
2026-05-11,2026,5,0,False,2,130,0.49999999999999994,-0.8660254037844387,0.0,1.0,340000.03,610,557.3770983606557,False,340000.03
2026-05-12,2026,5,1,False,2,131,0.49999999999999994,-0.8660254037844387,0.7818314824680298,0.6234898018587336,257500.41,564,456.5610106382979,False,257500.41
2026-05-13,2026,5,2,False,2,132,0.49999999999999994,-0.8660254037844387,0.9749279121818236,-0.22252093395631434,307854.26,564,545.8408865248227,False,307854.26
2026-05-14,2026,5,3,False,2,133,0.49999999999999994,-0.8660254037844387,0.43388373911755823,-0.900968867902419,290506.0,563,515.9964476021314,False,290506.0
2026-05-15,2026,5,4,False,2,134,0.49999999999999994,-0.8660254037844387,-0.433883739117558,-0.9009688679024191,297704.99,570,522.2894561403508,False,297704.99
2026-05-16,2026,5,5,True,2,135,0.49999999999999994,-0.8660254037844387,-0.9749279121818236,-0.2225209339563146,322103.19,586,549.6641467576792,False,322103.19
2026-05-17,2026,5,6,True,2,136,0.49999999999999994,-0.8660254037844387,-0.7818314824680299,0.6234898018587334,296717.9,564,526.0955673758866,False,296717.9
2026-05-18,2026,5,0,False,2,137,0.49999999999999994,-0.8660254037844387,0.0,1.0,290475.07,573,506.937294938918,False,290475.07
2026-05-19,2026,5,1,False,2,138,0.49999999999999994,-0.8660254037844387,0.7818314824680298,0.6234898018587336,278593.24,543,513.0630570902393,False,278593.24
2026-05-20,2026,5,2,False,2,139,0.49999999999999994,-0.8660254037844387,0.9749279121818236,-0.22252093395631434,337090.56,550,612.8919272727272,False,337090.56
2026-05-21,2026,5,3,False,2,140,0.49999999999999994,-0.8660254037844387,0.43388373911755823,-0.900968867902419,291236.8,552,527.6028985507246,False,291236.8
2026-05-22,2026,5,4,False,2,141,0.49999999999999994,-0.8660254037844387,-0.433883739117558,-0.9009688679024191,291799.15,574,508.3608885017422,False,291799.15
2026-05-23,2026,5,5,True,2,142,0.49999999999999994,-0.8660254037844387,-0.9749279121818236,-0.2225209339563146,291771.43,569,512.7793145869947,False,291771.43
2026-05-24,2026,5,6,True,2,143,0.49999999999999994,-0.8660254037844387,-0.7818314824680299,0.6234898018587334,312848.81,557,561.6675224416517,False,312848.81
2026-05-25,2026,5,0,False,2,144,0.49999999999999994,-0.8660254037844387,0.0,1.0,280251.9,564,496.90053191489363,False,280251.9
2026-05-26,2026,5,1,False,2,145,0.49999999999999994,-0.8660254037844387,0.7818314824680298,0.6234898018587336,300584.44,571,526.4175831873905,False,300584.44
2026-05-27,2026,5,2,False,2,146,0.49999999999999994,-0.8660254037844387,0.9749279121818236,-0.22252093395631434,285111.32,549,519.3284517304189,False,285111.32
2026-05-28,2026,5,3,False,2,147,0.49999999999999994,-0.8660254037844387,0.43388373911755823,-0.900968867902419,303159.4,597,507.80469011725296,False,303159.4
2026-05-29,2026,5,4,False,2,148,0.49999999999999994,-0.8660254037844387,-0.433883739117558,-0.9009688679024191,0.0,0,0.0,True,183684.21000000002
2026-05-30,2026,5,5,True,2,149,0.49999999999999994,-0.8660254037844387,-0.9749279121818236,-0.2225209339563146,64209.02,122,526.3034426229508,False,64209.02
2026-05-31,2026,5,6,True,2,150,0.49999999999999994,-0.8660254037844387,-0.7818314824680299,0.6234898018587334,123042.36,227,542.0368281938325,False,123042.36
2026-06-01,2026,6,0,False,2,151,1.2246467991473532e-16,-1.0,0.0,1.0,209056.26,347,602.4676080691643,False,209056.26
2026-06-02,2026,6,1,False,2,152,1.2246467991473532e-16,-1.0,0.7818314824680298,0.6234898018587336,239864.49,429,559.1246853146853,False,239864.49
2026-06-03,2026,6,2,False,2,153,1.2246467991473532e-16,-1.0,0.9749279121818236,-0.22252093395631434,268864.41,582,461.9663402061855,False,268864.41
2026-06-04,2026,6,3,False,2,154,1.2246467991473532e-16,-1.0,0.43388373911755823,-0.900968867902419,256846.06,565,454.594796460177,False,256846.06
2026-06-05,2026,6,4,False,2,155,1.2246467991473532e-16,-1.0,-0.433883739117558,-0.9009688679024191,321226.76,587,547.2346848381602,False,321226.76
2026-06-06,2026,6,5,True,2,156,1.2246467991473532e-16,-1.0,-0.9749279121818236,-0.2225209339563146,307758.1,570,539.9264912280702,False,307758.1
2026-06-07,2026,6,6,True,2,157,1.2246467991473532e-16,-1.0,-0.7818314824680299,0.6234898018587334,335107.51,589,568.9431409168081,False,335107.51
2026-06-08,2026,6,0,False,2,158,1.2246467991473532e-16,-1.0,0.0,1.0,290097.57,572,507.16358391608395,False,290097.57
2026-06-09,2026,6,1,False,2,159,1.2246467991473532e-16,-1.0,0.7818314824680298,0.6234898018587336,274270.83,563,487.15955595026645,False,274270.83
2026-06-10,2026,6,2,False,2,160,1.2246467991473532e-16,-1.0,0.9749279121818236,-0.22252093395631434,298360.33,578,516.1943425605537,False,298360.33
2026-06-11,2026,6,3,False,2,161,1.2246467991473532e-16,-1.0,0.43388373911755823,-0.900968867902419,299839.99,581,516.0757142857143,False,299839.99
2026-06-12,2026,6,4,False,2,162,1.2246467991473532e-16,-1.0,-0.433883739117558,-0.9009688679024191,309573.42,586,528.2822866894197,False,309573.42
2026-06-13,2026,6,5,True,2,163,1.2246467991473532e-16,-1.0,-0.9749279121818236,-0.2225209339563146,302159.81,605,499.43770247933884,False,302159.81
2026-06-14,2026,6,6,True,2,164,1.2246467991473532e-16,-1.0,-0.7818314824680299,0.6234898018587334,309746.16,534,580.0489887640449,False,309746.16
2026-06-15,2026,6,0,False,2,165,1.2246467991473532e-16,-1.0,0.0,1.0,339647.12,605,561.4001983471074,False,339647.12
2026-06-16,2026,6,1,False,2,166,1.2246467991473532e-16,-1.0,0.7818314824680298,0.6234898018587336,319234.66,530,602.3295471698112,False,319234.66
2026-06-17,2026,6,2,False,2,167,1.2246467991473532e-16,-1.0,0.9749279121818236,-0.22252093395631434,278481.01,549,507.25138433515485,False,278481.01
2026-06-18,2026,6,3,False,2,168,1.2246467991473532e-16,-1.0,0.43388373911755823,-0.900968867902419,281459.3,559,503.5050089445438,False,281459.3
2026-06-19,2026,6,4,False,2,169,1.2246467991473532e-16,-1.0,-0.433883739117558,-0.9009688679024191,289182.31,600,481.97051666666664,False,289182.31
2026-06-20,2026,6,5,True,2,170,1.2246467991473532e-16,-1.0,-0.9749279121818236,-0.2225209339563146,294882.06,564,522.8405319148936,False,294882.06
2026-06-21,2026,6,6,True,2,171,1.2246467991473532e-16,-1.0,-0.7818314824680299,0.6234898018587334,297665.54,606,491.19726072607256,False,297665.54
2026-06-22,2026,6,0,False,2,172,1.2246467991473532e-16,-1.0,0.0,1.0,325810.71,602,541.213803986711,False,325810.71
2026-06-23,2026,6,1,False,2,173,1.2246467991473532e-16,-1.0,0.7818314824680298,0.6234898018587336,303896.44,590,515.0787118644067,False,303896.44
2026-06-24,2026,6,2,False,2,174,1.2246467991473532e-16,-1.0,0.9749279121818236,-0.22252093395631434,327209.66,570,574.0520350877192,False,327209.66
2026-06-25,2026,6,3,False,2,175,1.2246467991473532e-16,-1.0,0.43388373911755823,-0.900968867902419,301260.16,554,543.7909025270758,False,301260.16
2026-06-26,2026,6,4,False,2,176,1.2246467991473532e-16,-1.0,-0.433883739117558,-0.9009688679024191,314424.06,575,546.8244521739131,False,314424.06
2026-06-27,2026,6,5,True,2,177,1.2246467991473532e-16,-1.0,-0.9749279121818236,-0.2225209339563146,222781.9,471,472.9976645435244,False,222781.9
2026-06-28,2026,6,6,True,2,178,1.2246467991473532e-16,-1.0,-0.7818314824680299,0.6234898018587334,190073.99,344,552.5406686046512,False,190073.99
2026-06-29,2026,6,0,False,2,179,1.2246467991473532e-16,-1.0,0.0,1.0,132223.0,228,579.9254385964912,False,132223.0
2026-06-30,2026,6,1,False,2,180,1.2246467991473532e-16,-1.0,0.7818314824680298,0.6234898018587336,68128.89,124,549.4265322580645,False,68128.89
2026-07-01,2026,7,2,False,3,181,-0.4999999999999997,-0.8660254037844388,0.9749279121818236,-0.22252093395631434,315193.81,628,501.9009713375796,False,315193.81
2026-07-02,2026,7,3,False,3,182,-0.4999999999999997,-0.8660254037844388,0.43388373911755823,-0.900968867902419,330324.29,619,533.6418255250403,False,330324.29
2026-07-03,2026,7,4,False,3,183,-0.4999999999999997,-0.8660254037844388,-0.433883739117558,-0.9009688679024191,287786.85,636,452.4950471698113,False,287786.85
2026-07-04,2026,7,5,True,3,184,-0.4999999999999997,-0.8660254037844388,-0.9749279121818236,-0.2225209339563146,294506.63,577,510.4101039861352,False,294506.63
2026-07-05,2026,7,6,True,3,185,-0.4999999999999997,-0.8660254037844388,-0.7818314824680299,0.6234898018587334,312501.52,589,530.5628522920204,False,312501.52
2026-07-06,2026,7,0,False,3,186,-0.4999999999999997,-0.8660254037844388,0.0,1.0,267726.56,559,478.9383899821109,False,267726.56
2026-07-07,2026,7,1,False,3,187,-0.4999999999999997,-0.8660254037844388,0.7818314824680298,0.6234898018587336,335824.81,585,574.0595042735042,False,335824.81
2026-07-08,2026,7,2,False,3,188,-0.4999999999999997,-0.8660254037844388,0.9749279121818236,-0.22252093395631434,268253.87,523,512.9137093690249,False,268253.87
2026-07-09,2026,7,3,False,3,189,-0.4999999999999997,-0.8660254037844388,0.43388373911755823,-0.900968867902419,305826.09,604,506.33458609271526,False,305826.09
2026-07-10,2026,7,4,False,3,190,-0.4999999999999997,-0.8660254037844388,-0.433883739117558,-0.9009688679024191,276433.83,548,504.441295620438,False,276433.83
2026-07-11,2026,7,5,True,3,191,-0.4999999999999997,-0.8660254037844388,-0.9749279121818236,-0.2225209339563146,325019.16,554,586.6771841155235,False,325019.16
2026-07-12,2026,7,6,True,3,192,-0.4999999999999997,-0.8660254037844388,-0.7818314824680299,0.6234898018587334,313464.97,577,543.2668457538995,False,313464.97
2026-07-13,2026,7,0,False,3,193,-0.4999999999999997,-0.8660254037844388,0.0,1.0,298505.84,543,549.7345119705341,False,298505.84
2026-07-14,2026,7,1,False,3,194,-0.4999999999999997,-0.8660254037844388,0.7818314824680298,0.6234898018587336,299366.91,536,558.5203544776119,False,299366.91
2026-07-15,2026,7,2,False,3,195,-0.4999999999999997,-0.8660254037844388,0.9749279121818236,-0.22252093395631434,310862.52,552,563.1567391304349,False,310862.52
2026-07-16,2026,7,3,False,3,196,-0.4999999999999997,-0.8660254037844388,0.43388373911755823,-0.900968867902419,278414.52,562,495.39950177935947,False,278414.52
2026-07-17,2026,7,4,False,3,197,-0.4999999999999997,-0.8660254037844388,-0.433883739117558,-0.9009688679024191,309473.91,589,525.4225976230899,False,309473.91
2026-07-18,2026,7,5,True,3,198,-0.4999999999999997,-0.8660254037844388,-0.9749279121818236,-0.2225209339563146,282641.95,573,493.2669284467714,False,282641.95
2026-07-19,2026,7,6,True,3,199,-0.4999999999999997,-0.8660254037844388,-0.7818314824680299,0.6234898018587334,311919.24,570,547.2267368421052,False,311919.24
2026-07-20,2026,7,0,False,3,200,-0.4999999999999997,-0.8660254037844388,0.0,1.0,239566.41,523,458.0619694072658,False,239566.41
2026-07-21,2026,7,1,False,3,201,-0.4999999999999997,-0.8660254037844388,0.7818314824680298,0.6234898018587336,308272.92,560,550.4873571428571,False,308272.92
2026-07-22,2026,7,2,False,3,202,-0.4999999999999997,-0.8660254037844388,0.9749279121818236,-0.22252093395631434,286740.54,567,505.7152380952381,False,286740.54
2026-07-23,2026,7,3,False,3,203,-0.4999999999999997,-0.8660254037844388,0.43388373911755823,-0.900968867902419,354608.21,614,577.5378013029316,False,354608.21
2026-07-24,2026,7,4,False,3,204,-0.4999999999999997,-0.8660254037844388,-0.433883739117558,-0.9009688679024191,328363.44,595,551.8713277310925,False,328363.44
2026-07-25,2026,7,5,True,3,205,-0.4999999999999997,-0.8660254037844388,-0.9749279121818236,-0.2225209339563146,312708.66,595,525.5607731092437,False,312708.66
2026-07-26,2026,7,6,True,3,206,-0.4999999999999997,-0.8660254037844388,-0.7818314824680299,0.6234898018587334,311633.28,548,568.6738686131388,False,311633.28
2026-07-27,2026,7,0,False,3,207,-0.4999999999999997,-0.8660254037844388,0.0,1.0,276995.07,566,489.3905830388693,False,276995.07
2026-07-28,2026,7,1,False,3,208,-0.4999999999999997,-0.8660254037844388,0.7818314824680298,0.6234898018587336,324182.94,616,526.2710064935065,False,324182.94
2026-07-29,2026,7,2,False,3,209,-0.4999999999999997,-0.8660254037844388,0.9749279121818236,-0.22252093395631434,0.0,0,0.0,True,329306.26
2026-07-30,2026,7,3,False,3,210,-0.4999999999999997,-0.8660254037844388,0.43388373911755823,-0.900968867902419,0.0,0,0.0,True,334429.58
2026-07-31,2026,7,4,False,3,211,-0.4999999999999997,-0.8660254037844388,-0.433883739117558,-0.9009688679024191,0.0,0,0.0,True,339552.9
2026-08-01,2026,8,5,True,3,212,-0.8660254037844385,-0.5000000000000004,-0.9749279121818236,-0.2225209339563146,344676.22000000003,656,525.4210670731708,False,344676.22000000003
2026-08-02,2026,8,6,True,3,213,-0.8660254037844385,-0.5000000000000004,-0.7818314824680299,0.6234898018587334,338256.21,593,570.4151939291737,False,338256.21
2026-08-03,2026,8,0,False,3,214,-0.8660254037844385,-0.5000000000000004,0.0,1.0,356466.94,633,563.138925750395,False,356466.94
2026-08-04,2026,8,1,False,3,215,-0.8660254037844385,-0.5000000000000004,0.7818314824680298,0.6234898018587336,318224.5,646,492.60758513931887,False,318224.5
2026-08-05,2026,8,2,False,3,216,-0.8660254037844385,-0.5000000000000004,0.9749279121818236,-0.22252093395631434,371376.77,652,569.596273006135,False,371376.77
2026-08-06,2026,8,3,False,3,217,-0.8660254037844385,-0.5000000000000004,0.43388373911755823,-0.900968867902419,334266.17,648,515.8428549382716,False,334266.17
2026-08-07,2026,8,4,False,3,218,-0.8660254037844385,-0.5000000000000004,-0.433883739117558,-0.9009688679024191,324413.05,619,524.0921647819063,False,324413.05
2026-08-08,2026,8,5,True,3,219,-0.8660254037844385,-0.5000000000000004,-0.9749279121818236,-0.2225209339563146,327206.37,638,512.8626489028213,False,327206.37
2026-08-09,2026,8,6,True,3,220,-0.8660254037844385,-0.5000000000000004,-0.7818314824680299,0.6234898018587334,363674.37,628,579.0993152866242,False,363674.37
2026-08-10,2026,8,0,False,3,221,-0.8660254037844385,-0.5000000000000004,0.0,1.0,347208.4,660,526.0733333333334,False,347208.4
2026-08-11,2026,8,1,False,3,222,-0.8660254037844385,-0.5000000000000004,0.7818314824680298,0.6234898018587336,328327.07,635,517.0505039370079,False,328327.07
2026-08-12,2026,8,2,False,3,223,-0.8660254037844385,-0.5000000000000004,0.9749279121818236,-0.22252093395631434,354643.93,671,528.5304470938897,False,354643.93
2026-08-13,2026,8,3,False,3,224,-0.8660254037844385,-0.5000000000000004,0.43388373911755823,-0.900968867902419,310403.65,646,480.5010061919505,False,310403.65
2026-08-14,2026,8,4,False,3,225,-0.8660254037844385,-0.5000000000000004,-0.433883739117558,-0.9009688679024191,344200.57,674,510.6833382789318,False,344200.57
2026-08-15,2026,8,5,True,3,226,-0.8660254037844385,-0.5000000000000004,-0.9749279121818236,-0.2225209339563146,303848.12,612,496.4838562091503,False,303848.12
2026-08-16,2026,8,6,True,3,227,-0.8660254037844385,-0.5000000000000004,-0.7818314824680299,0.6234898018587334,369159.86,642,575.0153582554517,False,369159.86
2026-08-17,2026,8,0,False,3,228,-0.8660254037844385,-0.5000000000000004,0.0,1.0,337532.92,652,517.688527607362,False,337532.92
2026-08-18,2026,8,1,False,3,229,-0.8660254037844385,-0.5000000000000004,0.7818314824680298,0.6234898018587336,306322.57,623,491.689518459069,False,306322.57
2026-08-19,2026,8,2,False,3,230,-0.8660254037844385,-0.5000000000000004,0.9749279121818236,-0.22252093395631434,350074.55,662,528.8135196374623,False,350074.55
2026-08-20,2026,8,3,False,3,231,-0.8660254037844385,-0.5000000000000004,0.43388373911755823,-0.900968867902419,325537.42,594,548.0427946127946,False,325537.42
2026-08-21,2026,8,4,False,3,232,-0.8660254037844385,-0.5000000000000004,-0.433883739117558,-0.9009688679024191,326078.65,662,492.56593655589126,False,326078.65
2026-08-22,2026,8,5,True,3,233,-0.8660254037844385,-0.5000000000000004,-0.9749279121818236,-0.2225209339563146,362279.8,657,551.4152207001522,False,362279.8
2026-08-23,2026,8,6,True,3,234,-0.8660254037844385,-0.5000000000000004,-0.7818314824680299,0.6234898018587334,338562.42,639,529.8316431924883,False,338562.42
2026-08-24,2026,8,0,False,3,235,-0.8660254037844385,-0.5000000000000004,0.0,1.0,386791.91,688,562.1975436046512,False,386791.91
2026-08-25,2026,8,1,False,3,236,-0.8660254037844385,-0.5000000000000004,0.7818314824680298,0.6234898018587336,354907.65,644,551.0988354037268,False,354907.65
2026-08-26,2026,8,2,False,3,237,-0.8660254037844385,-0.5000000000000004,0.9749279121818236,-0.22252093395631434,374613.88,699,535.9282975679542,False,374613.88
2026-08-27,2026,8,3,False,3,238,-0.8660254037844385,-0.5000000000000004,0.43388373911755823,-0.900968867902419,309114.76,621,497.7693397745572,False,309114.76
2026-08-28,2026,8,4,False,3,239,-0.8660254037844385,-0.5000000000000004,-0.433883739117558,-0.9009688679024191,328054.4,628,522.3796178343949,False,328054.4
2026-08-29,2026,8,5,True,3,240,-0.8660254037844385,-0.5000000000000004,-0.9749279121818236,-0.2225209339563146,0.0,0,0.0,True,200016.97
2026-08-30,2026,8,6,True,3,241,-0.8660254037844385,-0.5000000000000004,-0.7818314824680299,0.6234898018587334,71979.54,131,549.4621374045801,False,71979.54
2026-08-31,2026,8,0,False,3,242,-0.8660254037844385,-0.5000000000000004,0.0,1.0,147528.13,276,534.5222101449275,False,147528.13
2026-09-01,2026,9,1,False,3,243,-1.0,-1.8369701987210297e-16,0.7818314824680298,0.6234898018587336,212894.32,398,534.910351758794,False,212894.32
2026-09-02,2026,9,2,False,3,244,-1.0,-1.8369701987210297e-16,0.9749279121818236,-0.22252093395631434,283201.89,524,540.4616221374046,False,283201.89
2026-09-03,2026,9,3,False,3,245,-1.0,-1.8369701987210297e-16,0.43388373911755823,-0.900968867902419,334600.24,635,526.9295118110236,False,334600.24
2026-09-04,2026,9,4,False,3,246,-1.0,-1.8369701987210297e-16,-0.433883739117558,-0.9009688679024191,345858.64,626,552.489840255591,False,345858.64
2026-09-05,2026,9,5,True,3,247,-1.0,-1.8369701987210297e-16,-0.9749279121818236,-0.2225209339563146,396428.02,669,592.5680418535127,False,396428.02
2026-09-06,2026,9,6,True,3,248,-1.0,-1.8369701987210297e-16,-0.7818314824680299,0.6234898018587334,326073.84,637,511.8898587127159,False,326073.84
2026-09-07,2026,9,0,False,3,249,-1.0,-1.8369701987210297e-16,0.0,1.0,322385.03,667,483.3358770614693,False,322385.03
2026-09-08,2026,9,1,False,3,250,-1.0,-1.8369701987210297e-16,0.7818314824680298,0.6234898018587336,317630.89,682,465.7344428152493,False,317630.89
2026-09-09,2026,9,2,False,3,251,-1.0,-1.8369701987210297e-16,0.9749279121818236,-0.22252093395631434,323891.8,636,509.2638364779874,False,323891.8
2026-09-10,2026,9,3,False,3,252,-1.0,-1.8369701987210297e-16,0.43388373911755823,-0.900968867902419,346771.32,641,540.9848985959438,False,346771.32
2026-09-11,2026,9,4,False,3,253,-1.0,-1.8369701987210297e-16,-0.433883739117558,-0.9009688679024191,308733.45,639,483.15093896713614,False,308733.45
2026-09-12,2026,9,5,True,3,254,-1.0,-1.8369701987210297e-16,-0.9749279121818236,-0.2225209339563146,337809.98,675,500.4592296296296,False,337809.98
2026-09-13,2026,9,6,True,3,255,-1.0,-1.8369701987210297e-16,-0.7818314824680299,0.6234898018587334,337227.06,642,525.2757943925234,False,337227.06
2026-09-14,2026,9,0,False,3,256,-1.0,-1.8369701987210297e-16,0.0,1.0,404916.08,652,621.0369325153374,False,404916.08
2026-09-15,2026,9,1,False,3,257,-1.0,-1.8369701987210297e-16,0.7818314824680298,0.6234898018587336,363755.22000000003,672,541.3024107142858,False,363755.22000000003
2026-09-16,2026,9,2,False,3,258,-1.0,-1.8369701987210297e-16,0.9749279121818236,-0.22252093395631434,352788.47,642,549.5147507788162,False,352788.47
2026-09-17,2026,9,3,False,3,259,-1.0,-1.8369701987210297e-16,0.43388373911755823,-0.900968867902419,347295.22,696,498.9873850574712,False,347295.22
2026-09-18,2026,9,4,False,3,260,-1.0,-1.8369701987210297e-16,-0.433883739117558,-0.9009688679024191,306991.54,654,469.4060244648318,False,306991.54
2026-09-19,2026,9,5,True,3,261,-1.0,-1.8369701987210297e-16,-0.9749279121818236,-0.2225209339563146,346284.92,671,516.0729061102832,False,346284.92
2026-09-20,2026,9,6,True,3,262,-1.0,-1.8369701987210297e-16,-0.7818314824680299,0.6234898018587334,336763.38,635,530.336031496063,False,336763.38
2026-09-21,2026,9,0,False,3,263,-1.0,-1.8369701987210297e-16,0.0,1.0,372664.93,643,579.5722083981337,False,372664.93
2026-09-22,2026,9,1,False,3,264,-1.0,-1.8369701987210297e-16,0.7818314824680298,0.6234898018587336,328174.42,635,516.8101102362205,False,328174.42
2026-09-23,2026,9,2,False,3,265,-1.0,-1.8369701987210297e-16,0.9749279121818236,-0.22252093395631434,303434.55,606,500.7170792079208,False,303434.55
2026-09-24,2026,9,3,False,3,266,-1.0,-1.8369701987210297e-16,0.43388373911755823,-0.900968867902419,324065.3,609,532.1269293924466,False,324065.3
2026-09-25,2026,9,4,False,3,267,-1.0,-1.8369701987210297e-16,-0.433883739117558,-0.9009688679024191,355963.78,643,553.5984136858476,False,355963.78
2026-09-26,2026,9,5,True,3,268,-1.0,-1.8369701987210297e-16,-0.9749279121818236,-0.2225209339563146,335216.75,664,504.84450301204816,False,335216.75
2026-09-27,2026,9,6,True,3,269,-1.0,-1.8369701987210297e-16,-0.7818314824680299,0.6234898018587334,248929.07,531,468.7929755178908,False,248929.07
2026-09-28,2026,9,0,False,3,270,-1.0,-1.8369701987210297e-16,0.0,1.0,216113.13,389,555.5607455012854,False,216113.13
2026-09-29,2026,9,1,False,3,271,-1.0,-1.8369701987210297e-16,0.7818314824680298,0.6234898018587336,137259.9,240,571.91625,False,137259.9
2026-09-30,2026,9,2,False,3,272,-1.0,-1.8369701987210297e-16,0.9749279121818236,-0.22252093395631434,72857.62,135,539.686074074074,False,72857.62
2026-10-01,2026,10,3,False,4,273,-0.8660254037844386,0.5000000000000001,0.43388373911755823,-0.900968867902419,396378.24,711,557.4940084388186,False,396378.24
2026-10-02,2026,10,4,False,4,274,-0.8660254037844386,0.5000000000000001,-0.433883739117558,-0.9009688679024191,388015.74,717,541.1656066945607,False,388015.74
2026-10-03,2026,10,5,True,4,275,-0.8660254037844386,0.5000000000000001,-0.9749279121818236,-0.2225209339563146,382695.5,721,530.7843273231623,False,382695.5
2026-10-04,2026,10,6,True,4,276,-0.8660254037844386,0.5000000000000001,-0.7818314824680299,0.6234898018587334,352774.81,679,519.550530191458,False,352774.81
2026-10-05,2026,10,0,False,4,277,-0.8660254037844386,0.5000000000000001,0.0,1.0,358420.3,653,548.8825421133231,False,358420.3
2026-10-06,2026,10,1,False,4,278,-0.8660254037844386,0.5000000000000001,0.7818314824680298,0.6234898018587336,323564.36,693,466.9038383838384,False,323564.36
2026-10-07,2026,10,2,False,4,279,-0.8660254037844386,0.5000000000000001,0.9749279121818236,-0.22252093395631434,382663.27,670,571.1392089552239,False,382663.27
2026-10-08,2026,10,3,False,4,280,-0.8660254037844386,0.5000000000000001,0.43388373911755823,-0.900968867902419,408857.32,736,555.5126630434783,False,408857.32
2026-10-09,2026,10,4,False,4,281,-0.8660254037844386,0.5000000000000001,-0.433883739117558,-0.9009688679024191,408542.14,733,557.3562619372442,False,408542.14
2026-10-10,2026,10,5,True,4,282,-0.8660254037844386,0.5000000000000001,-0.9749279121818236,-0.2225209339563146,372909.86,775,481.1740129032258,False,372909.86
2026-10-11,2026,10,6,True,4,283,-0.8660254037844386,0.5000000000000001,-0.7818314824680299,0.6234898018587334,371819.1,730,509.3412328767123,False,371819.1
2026-10-12,2026,10,0,False,4,284,-0.8660254037844386,0.5000000000000001,0.0,1.0,384178.38,719,534.3231988873436,False,384178.38
2026-10-13,2026,10,1,False,4,285,-0.8660254037844386,0.5000000000000001,0.7818314824680298,0.6234898018587336,385809.45,684,564.0489035087719,False,385809.45
2026-10-14,2026,10,2,False,4,286,-0.8660254037844386,0.5000000000000001,0.9749279121818236,-0.22252093395631434,364149.01,698,521.703452722063,False,364149.01
2026-10-15,2026,10,3,False,4,287,-0.8660254037844386,0.5000000000000001,0.43388373911755823,-0.900968867902419,370654.32,676,548.3052071005917,False,370654.32
2026-10-16,2026,10,4,False,4,288,-0.8660254037844386,0.5000000000000001,-0.433883739117558,-0.9009688679024191,388981.31,730,532.8511095890411,False,388981.31
2026-10-17,2026,10,5,True,4,289,-0.8660254037844386,0.5000000000000001,-0.9749279121818236,-0.2225209339563146,375143.65,694,540.5528097982709,False,375143.65
2026-10-18,2026,10,6,True,4,290,-0.8660254037844386,0.5000000000000001,-0.7818314824680299,0.6234898018587334,361689.91,732,494.1118989071038,False,361689.91
2026-10-19,2026,10,0,False,4,291,-0.8660254037844386,0.5000000000000001,0.0,1.0,380119.48,750,506.8259733333333,False,380119.48
2026-10-20,2026,10,1,False,4,292,-0.8660254037844386,0.5000000000000001,0.7818314824680298,0.6234898018587336,347940.26,751,463.3026098535286,False,347940.26
2026-10-21,2026,10,2,False,4,293,-0.8660254037844386,0.5000000000000001,0.9749279121818236,-0.22252093395631434,361302.29,692,522.1131358381502,False,361302.29
2026-10-22,2026,10,3,False,4,294,-0.8660254037844386,0.5000000000000001,0.43388373911755823,-0.900968867902419,313406.47000000003,665,471.2879248120301,False,313406.47000000003
2026-10-23,2026,10,4,False,4,295,-0.8660254037844386,0.5000000000000001,-0.433883739117558,-0.9009688679024191,356321.68,701,508.30482168330957,False,356321.68
2026-10-24,2026,10,5,True,4,296,-0.8660254037844386,0.5000000000000001,-0.9749279121818236,-0.2225209339563146,372544.8,729,511.03539094650205,False,372544.8
2026-10-25,2026,10,6,True,4,297,-0.8660254037844386,0.5000000000000001,-0.7818314824680299,0.6234898018587334,384678.93,728,528.4051236263737,False,384678.93
2026-10-26,2026,10,0,False,4,298,-0.8660254037844386,0.5000000000000001,0.0,1.0,368792.1,741,497.6951417004048,False,368792.1
2026-10-27,2026,10,1,False,4,299,-0.8660254037844386,0.5000000000000001,0.7818314824680298,0.6234898018587336,371518.58,731,508.23335157318746,False,371518.58
2026-10-28,2026,10,2,False,4,300,-0.8660254037844386,0.5000000000000001,0.9749279121818236,-0.22252093395631434,328801.43,715,459.86213986013985,False,328801.43
2026-10-29,2026,10,3,False,4,301,-0.8660254037844386,0.5000000000000001,0.43388373911755823,-0.900968867902419,78131.25,118,662.1292372881356,False,78131.25
2026-10-30,2026,10,4,False,4,302,-0.8660254037844386,0.5000000000000001,-0.433883739117558,-0.9009688679024191,141671.41,268,528.6246641791045,False,141671.41
2026-10-31,2026,10,5,True,4,303,-0.8660254037844386,0.5000000000000001,-0.9749279121818236,-0.2225209339563146,187726.71,365,514.3197534246575,False,187726.71
2026-11-01,2026,11,6,True,4,304,-0.5000000000000004,0.8660254037844384,-0.7818314824680299,0.6234898018587334,225282.65,416,541.5448317307693,False,225282.65
2026-11-02,2026,11,0,False,4,305,-0.5000000000000004,0.8660254037844384,0.0,1.0,313620.34,572,548.2873076923078,False,313620.34
2026-11-03,2026,11,1,False,4,306,-0.5000000000000004,0.8660254037844384,0.7818314824680298,0.6234898018587336,376007.47,710,529.5879859154929,False,376007.47
2026-11-04,2026,11,2,False,4,307,-0.5000000000000004,0.8660254037844384,0.9749279121818236,-0.22252093395631434,425842.48,799,532.9693116395495,False,425842.48
2026-11-05,2026,11,3,False,4,308,-0.5000000000000004,0.8660254037844384,0.43388373911755823,-0.900968867902419,455933.04,761,599.1235742444152,False,455933.04
2026-11-06,2026,11,4,False,4,309,-0.5000000000000004,0.8660254037844384,-0.433883739117558,-0.9009688679024191,464147.68,822,564.6565450121655,False,464147.68
2026-11-07,2026,11,5,True,4,310,-0.5000000000000004,0.8660254037844384,-0.9749279121818236,-0.2225209339563146,406548.9,788,515.9250000000001,False,406548.9
2026-11-08,2026,11,6,True,4,311,-0.5000000000000004,0.8660254037844384,-0.7818314824680299,0.6234898018587334,400314.44,783,511.2572669220945,False,400314.44
2026-11-09,2026,11,0,False,4,312,-0.5000000000000004,0.8660254037844384,0.0,1.0,412054.55,801,514.4251560549313,False,412054.55
2026-11-10,2026,11,1,False,4,313,-0.5000000000000004,0.8660254037844384,0.7818314824680298,0.6234898018587336,383815.51,759,505.68578392621873,False,383815.51
2026-11-11,2026,11,2,False,4,314,-0.5000000000000004,0.8660254037844384,0.9749279121818236,-0.22252093395631434,429074.52999999997,768,558.6907942708333,False,429074.52999999997
2026-11-12,2026,11,3,False,4,315,-0.5000000000000004,0.8660254037844384,0.43388373911755823,-0.900968867902419,414236.16,779,531.7537355584082,False,414236.16
2026-11-13,2026,11,4,False,4,316,-0.5000000000000004,0.8660254037844384,-0.433883739117558,-0.9009688679024191,430602.51,768,560.6803515625,False,430602.51
2026-11-14,2026,11,5,True,4,317,-0.5000000000000004,0.8660254037844384,-0.9749279121818236,-0.2225209339563146,448163.84,800,560.2048,False,448163.84
2026-11-15,2026,11,6,True,4,318,-0.5000000000000004,0.8660254037844384,-0.7818314824680299,0.6234898018587334,436851.27,800,546.0640875,False,436851.27
2026-11-16,2026,11,0,False,4,319,-0.5000000000000004,0.8660254037844384,0.0,1.0,392345.91,769,510.20274382314693,False,392345.91
2026-11-17,2026,11,1,False,4,320,-0.5000000000000004,0.8660254037844384,0.7818314824680298,0.6234898018587336,453886.61,821,552.846053593179,False,453886.61
2026-11-18,2026,11,2,False,4,321,-0.5000000000000004,0.8660254037844384,0.9749279121818236,-0.22252093395631434,430097.15,792,543.0519570707071,False,430097.15
2026-11-19,2026,11,3,False,4,322,-0.5000000000000004,0.8660254037844384,0.43388373911755823,-0.900968867902419,417477.61,818,510.36382640586794,False,417477.61
2026-11-20,2026,11,4,False,4,323,-0.5000000000000004,0.8660254037844384,-0.433883739117558,-0.9009688679024191,407792.94,788,517.503730964467,False,407792.94
2026-11-21,2026,11,5,True,4,324,-0.5000000000000004,0.8660254037844384,-0.9749279121818236,-0.2225209339563146,388452.76,767,506.4573142112125,False,388452.76
2026-11-22,2026,11,6,True,4,325,-0.5000000000000004,0.8660254037844384,-0.7818314824680299,0.6234898018587334,425567.65,791,538.0121997471555,False,425567.65
2026-11-23,2026,11,0,False,4,326,-0.5000000000000004,0.8660254037844384,0.0,1.0,403973.99,778,519.2467737789203,False,403973.99
2026-11-24,2026,11,1,False,4,327,-0.5000000000000004,0.8660254037844384,0.7818314824680298,0.6234898018587336,410087.93,767,534.6648370273793,False,410087.93
2026-11-25,2026,11,2,False,4,328,-0.5000000000000004,0.8660254037844384,0.9749279121818236,-0.22252093395631434,374882.8,758,494.5683377308707,False,374882.8
2026-11-26,2026,11,3,False,4,329,-0.5000000000000004,0.8660254037844384,0.43388373911755823,-0.900968867902419,358344.07,684,523.8948391812866,False,358344.07
2026-11-27,2026,11,4,False,4,330,-0.5000000000000004,0.8660254037844384,-0.433883739117558,-0.9009688679024191,301684.4,547,551.5254113345521,False,301684.4
2026-11-28,2026,11,5,True,4,331,-0.5000000000000004,0.8660254037844384,-0.9749279121818236,-0.2225209339563146,259376.59,512,506.59490234375,False,259376.59
2026-11-29,2026,11,6,True,4,332,-0.5000000000000004,0.8660254037844384,-0.7818314824680299,0.6234898018587334,269650.81,535,504.0202056074766,False,269650.81
2026-11-30,2026,11,0,False,4,333,-0.5000000000000004,0.8660254037844384,0.0,1.0,305398.94,537,568.7131098696461,False,305398.94
2026-12-01,2026,12,1,False,4,334,-2.4492935982947064e-16,1.0,0.7818314824680298,0.6234898018587336,325620.79,597,545.428458961474,False,325620.79
2026-12-02,2026,12,2,False,4,335,-2.4492935982947064e-16,1.0,0.9749279121818236,-0.22252093395631434,328822.75,565,581.987168141593,False,328822.75
2026-12-03,2026,12,3,False,4,336,-2.4492935982947064e-16,1.0,0.43388373911755823,-0.900968867902419,395083.67,652,605.9565490797546,False,395083.67
2026-12-04,2026,12,4,False,4,337,-2.4492935982947064e-16,1.0,-0.433883739117558,-0.9009688679024191,412320.58,785,525.2491464968153,False,412320.58
2026-12-05,2026,12,5,True,4,338,-2.4492935982947064e-16,1.0,-0.9749279121818236,-0.2225209339563146,385757.64,762,506.2436220472441,False,385757.64
2026-12-06,2026,12,6,True,4,339,-2.4492935982947064e-16,1.0,-0.7818314824680299,0.6234898018587334,430645.66,768,560.7365364583333,False,430645.66
2026-12-07,2026,12,0,False,4,340,-2.4492935982947064e-16,1.0,0.0,1.0,359404.1,745,482.421610738255,False,359404.1
2026-12-08,2026,12,1,False,4,341,-2.4492935982947064e-16,1.0,0.7818314824680298,0.6234898018587336,438447.06,769,570.1522236671001,False,438447.06
2026-12-09,2026,12,2,False,4,342,-2.4492935982947064e-16,1.0,0.9749279121818236,-0.22252093395631434,396059.6,802,493.8399002493765,False,396059.6
2026-12-10,2026,12,3,False,4,343,-2.4492935982947064e-16,1.0,0.43388373911755823,-0.900968867902419,388926.07,760,511.74482894736843,False,388926.07
2026-12-11,2026,12,4,False,4,344,-2.4492935982947064e-16,1.0,-0.433883739117558,-0.9009688679024191,413332.19,789,523.8684283903675,False,413332.19
2026-12-12,2026,12,5,True,4,345,-2.4492935982947064e-16,1.0,-0.9749279121818236,-0.2225209339563146,454669.88,783,580.676730523627,False,454669.88
2026-12-13,2026,12,6,True,4,346,-2.4492935982947064e-16,1.0,-0.7818314824680299,0.6234898018587334,362725.57,740,490.16968918918917,False,362725.57
2026-12-14,2026,12,0,False,4,347,-2.4492935982947064e-16,1.0,0.0,1.0,450920.4,782,576.6245524296676,False,450920.4
2026-12-15,2026,12,1,False,4,348,-2.4492935982947064e-16,1.0,0.7818314824680298,0.6234898018587336,443939.26,813,546.0507503075031,False,443939.26
2026-12-16,2026,12,2,False,4,349,-2.4492935982947064e-16,1.0,0.9749279121818236,-0.22252093395631434,438823.35,821,534.4985992691838,False,438823.35
2026-12-17,2026,12,3,False,4,350,-2.4492935982947064e-16,1.0,0.43388373911755823,-0.900968867902419,379196.95,736,515.2132472826087,False,379196.95
2026-12-18,2026,12,4,False,4,351,-2.4492935982947064e-16,1.0,-0.433883739117558,-0.9009688679024191,416948.8,763,546.4597640891219,False,416948.8
2026-12-19,2026,12,5,True,4,352,-2.4492935982947064e-16,1.0,-0.9749279121818236,-0.2225209339563146,440697.27999999997,789,558.5516856780735,False,440697.27999999997
2026-12-20,2026,12,6,True,4,353,-2.4492935982947064e-16,1.0,-0.7818314824680299,0.6234898018587334,434180.87,756,574.3133201058201,False,434180.87
2026-12-21,2026,12,0,False,4,354,-2.4492935982947064e-16,1.0,0.0,1.0,414784.76,817,507.6924847001224,False,414784.76
2026-12-22,2026,12,1,False,4,355,-2.4492935982947064e-16,1.0,0.7818314824680298,0.6234898018587336,408970.2,819,499.3531135531136,False,408970.2
2026-12-23,2026,12,2,False,4,356,-2.4492935982947064e-16,1.0,0.9749279121818236,-0.22252093395631434,395156.55,790,500.198164556962,False,395156.55
2026-12-24,2026,12,3,False,4,357,-2.4492935982947064e-16,1.0,0.43388373911755823,-0.900968867902419,393923.68,771,510.9256549935149,False,393923.68
2026-12-25,2026,12,4,False,4,358,-2.4492935982947064e-16,1.0,-0.433883739117558,-0.9009688679024191,404448.46,783,516.5369859514688,False,404448.46
2026-12-26,2026,12,5,True,4,359,-2.4492935982947064e-16,1.0,-0.9749279121818236,-0.2225209339563146,343131.11,654,524.6653058103975,False,343131.11
2026-12-27,2026,12,6,True,4,360,-2.4492935982947064e-16,1.0,-0.7818314824680299,0.6234898018587334,307868.96,552,557.7336231884059,False,307868.96
2026-12-28,2026,12,0,False,4,361,-2.4492935982947064e-16,1.0,0.0,1.0,199622.12,404,494.1141584158416,False,199622.12
2026-12-29,2026,12,1,False,4,362,-2.4492935982947064e-16,1.0,0.7818314824680298,0.6234898018587336,216467.03,357,606.3502240896358,False,216467.03
2026-12-30,2026,12,2,False,4,363,-2.4492935982947064e-16,1.0,0.9749279121818236,-0.22252093395631434,117166.77,228,513.8893421052632,False,117166.77
2026-12-31,2026,12,3,False,4,364,-2.4492935982947064e-16,1.0,0.43388373911755823,-0.900968867902419,48202.62,106,454.7416981132076,False,48202.62
